policy,run_id,student_id,test_id,persona,total_marks,total_score,expected_marks,expected_score,negative_penalty_total,score_per_minute,marks_per_minute,total_time_sec,overtime_sec,overtime_violation,accuracy,n_questions,unique_topics,easy_count,medium_count,hard_count,negative_marking_enabled,negative_penalty_ratio
mars_timebudget,0,21,s21_t11,Advanced Learner,58.0,41.5,82.36523485082633,71.95654356353292,16.5,0.8435095203389398,1.178880775413458,2951.9524557345435,0.0,0,0.5952380952380952,42,21,17,25,0,True,0.25
dkt_timebudget,0,21,s21_t11,Advanced Learner,96.0,73.0,94.71537789276668,71.39422236595834,23.0,1.232854863913164,1.6212885881597774,3552.729626338648,0.0,0,0.54,50,22,17,27,6,True,0.25
gkt_timebudget,0,21,s21_t11,Advanced Learner,112.0,93.0,98.08172860315868,75.60216075394834,19.0,1.5706233197797843,1.8915033528530736,3552.7296263386484,0.0,0,0.58,50,22,17,27,6,True,0.25
bkt_timebudget,0,21,s21_t11,Advanced Learner,100.0,78.0,99.61904540686687,77.5238067585836,22.0,1.3172969778798194,1.6888422793331015,3552.7296263386474,0.0,0,0.54,50,22,17,27,6,True,0.25
mars_timebudget,0,21,s21_t19,Advanced Learner,116.0,105.5,111.60206274085738,100.00257842607172,10.5,1.8532228975378569,2.0376668826008664,3415.6711577489523,0.0,0,0.8163265306122449,49,23,21,27,1,True,0.25
dkt_timebudget,0,21,s21_t19,Advanced Learner,82.0,61.0,85.0468433829064,64.808554228633,21.0,1.0526445911107505,1.415030433952156,3476.9570194038324,0.0,0,0.5,50,24,21,27,2,True,0.25
gkt_timebudget,0,21,s21_t19,Advanced Learner,64.0,38.5,84.70448538978049,64.3806067372256,25.5,0.6643740452092439,1.104413997230951,3476.9570194038324,0.0,0,0.4,50,24,21,27,2,True,0.25
bkt_timebudget,0,21,s21_t19,Advanced Learner,78.0,57.0,87.69590895474468,69.11988619343086,21.0,0.997769355162854,1.3653685912754847,3427.645860542383,0.0,0,0.4897959183673469,49,23,21,26,2,True,0.25
mars_timebudget,0,27,s27_t20,High Achiever,138.0,133.0,126.4992524608206,118.62406557602574,5.0,2.2905794824980044,2.37669149311823,3483.8345759114923,0.0,0,0.9,50,26,18,31,1,True,0.25
dkt_timebudget,0,27,s27_t20,High Achiever,94.0,67.5,103.82075834274292,79.77594792842865,26.5,1.163149952352135,1.61979400772001,3481.9242280928997,0.0,0,0.5,50,24,12,30,8,True,0.25
gkt_timebudget,0,27,s27_t20,High Achiever,90.0,62.5,103.72949290275574,79.66186612844467,27.5,1.0769478934396006,1.5508049665530248,3482.062616811567,0.0,0,0.46,50,24,12,30,8,True,0.25
bkt_timebudget,0,27,s27_t20,High Achiever,102.0,78.5,107.90093932746322,85.87617415932903,23.5,1.3466683989713997,1.7498111680902264,3497.5202533879537,0.0,0,0.52,50,24,13,29,8,True,0.25
mars_timebudget,0,35,s35_t4,High Achiever,154.0,150.5,132.17141080930767,123.2142635116346,3.5,2.7005571756954154,2.763360830944146,3343.754422705271,0.0,0,0.94,50,27,17,31,2,True,0.25
dkt_timebudget,0,35,s35_t4,High Achiever,96.0,70.5,101.1288850604844,76.91110632560552,25.5,1.278685963026262,1.7411893964612932,3308.083550075792,0.0,0,0.48,50,25,13,30,7,True,0.25
gkt_timebudget,0,35,s35_t4,High Achiever,90.0,63.0,103.30419716232538,79.63024645290673,27.0,1.1426555414277235,1.6323650591824623,3308.083550075792,0.0,0,0.44,50,25,13,30,7,True,0.25
bkt_timebudget,0,35,s35_t4,High Achiever,124.0,106.0,110.88710355210677,89.60887944013346,18.0,1.876925226380323,2.195648378029812,3388.520709621102,0.0,0,0.64,50,26,16,27,7,True,0.25
mars_timebudget,0,49,s49_t20,High Achiever,108.0,98.0,114.93400566436053,106.66750708045063,10.0,1.7161735035652903,1.8912932488270544,3426.2270031465387,0.0,0,0.8,50,23,29,21,0,True,0.25
dkt_timebudget,0,49,s49_t20,High Achiever,94.0,69.0,98.5692217679734,74.71152720996673,25.0,1.2237031020712947,1.667073791227561,3383.1735761660243,0.0,0,0.5,50,23,20,23,7,True,0.25
gkt_timebudget,0,49,s49_t20,High Achiever,90.0,64.0,99.92225441653676,76.40281802067096,26.0,1.1350289642400413,1.5961344809625582,3383.1735761660248,0.0,0,0.5,50,23,20,23,7,True,0.25
bkt_timebudget,0,49,s49_t20,High Achiever,88.0,67.0,95.9494617077101,76.93682713463765,21.0,1.186954817195864,1.5589854315408362,3386.818050494204,0.0,0,0.54,50,24,25,20,5,True,0.25
mars_timebudget,0,49,s49_t4,High Achiever,130.0,120.5,129.09683389504494,119.37104236880616,9.5,2.075407800088706,2.2390291619214264,3483.652706562525,0.0,0,0.82,50,26,21,28,1,True,0.25
dkt_timebudget,0,49,s49_t4,High Achiever,88.0,63.0,95.49112331867218,72.36390414834023,25.0,1.090927367181457,1.523835052570924,3464.941950962407,0.0,0,0.5,50,28,18,28,4,True,0.25
gkt_timebudget,0,49,s49_t4,High Achiever,114.0,95.0,99.12207233905792,76.4025904238224,19.0,1.635239855890268,1.9622878270683213,3485.727172969845,0.0,0,0.58,50,27,17,29,4,True,0.25
bkt_timebudget,0,49,s49_t4,High Achiever,76.0,50.5,94.1010851740676,73.12635646758449,25.5,0.8753224211112596,1.3173169109793217,3461.58161486745,0.0,0,0.42,50,29,23,24,3,True,0.25
mars_timebudget,0,53,s53_t19,Strong Performer,100.0,88.0,108.46103181644725,98.57628977055906,12.0,1.4648384847078426,1.664589187168003,3604.492956131665,4.492956131664869,1,0.75,48,25,25,23,0,True,0.25
dkt_timebudget,0,53,s53_t19,Strong Performer,104.0,90.5,80.69995297988257,61.3749412248532,13.5,1.4741527805495722,1.6940540240569668,3683.471667011113,83.47166701111291,1,0.6122448979591837,49,25,25,23,1,True,0.25
gkt_timebudget,0,53,s53_t19,Strong Performer,84.0,65.5,82.20694746573767,63.25868433217208,18.5,1.0669282555358783,1.368274404046012,3683.471667011113,83.47166701111246,1,0.5306122448979592,49,25,25,23,1,True,0.25
bkt_timebudget,0,53,s53_t19,Strong Performer,90.0,77.0,76.62083816718804,60.27604770898502,13.0,1.4593921074558345,1.7057829827405857,3165.701648239053,0.0,0,0.6046511627906976,43,24,21,21,1,True,0.25
mars_timebudget,0,53,s53_t9,Strong Performer,50.0,43.5,52.79044533874937,46.9880566734367,6.5,1.5150703577566755,1.741460181329512,1722.6922740832697,0.0,0,0.7391304347826086,23,16,9,14,0,True,0.25
dkt_timebudget,0,53,s53_t9,Strong Performer,56.0,38.0,64.82486703985452,49.03108379981816,18.0,1.029377175877063,1.5169768907661976,2214.931565834813,0.0,0,0.5,30,19,9,15,6,True,0.25
gkt_timebudget,0,53,s53_t9,Strong Performer,60.0,43.0,66.13015386455774,50.66269233069718,17.0,1.1648215411240443,1.625332382963783,2214.931565834813,0.0,0,0.5,30,19,9,15,6,True,0.25
bkt_timebudget,0,53,s53_t9,Strong Performer,62.0,45.5,65.00918953930797,49.26148692413496,16.5,1.2325437237475354,1.6795101290625756,2214.931565834813,0.0,0,0.4666666666666667,30,19,9,15,6,True,0.25
mars_timebudget,0,105,s105_t18,Competent,76.0,67.5,77.58139611782026,69.47674514727532,8.5,1.581436201304541,1.7805800192465946,2560.963253945444,0.0,0,0.75,36,20,18,15,3,True,0.25
dkt_timebudget,0,105,s105_t18,Competent,92.0,79.0,73.10531012614568,55.381637657682106,13.0,1.653622183901922,1.925737226822492,2866.434694783421,0.0,0,0.6,40,20,18,15,7,True,0.25
gkt_timebudget,0,105,s105_t18,Competent,78.0,61.5,75.35733882983526,58.19667353729408,16.5,1.2873134722780786,1.6326902575234168,2866.434694783421,0.0,0,0.475,40,20,18,15,7,True,0.25
bkt_timebudget,0,105,s105_t18,Competent,66.0,46.5,73.46664989025443,55.83331236281804,19.5,0.9733345766004986,1.3815071409813529,2866.4346947834206,0.0,0,0.5,40,20,18,15,7,True,0.25
mars_timebudget,0,112,s112_t13,Competent,60.0,56.5,57.3663896402956,53.20798705036949,3.5,1.7491755286906168,1.8575315348926904,1938.0559265756808,0.0,0,0.84,25,18,12,13,0,True,0.25
dkt_timebudget,0,112,s112_t13,Competent,68.0,57.0,56.29013014975048,42.362662687188106,11.0,1.466825451002303,1.7498970292659055,2331.565761736043,0.0,0,0.6333333333333333,30,21,12,13,5,True,0.25
gkt_timebudget,0,112,s112_t13,Competent,58.0,44.5,58.75981618109204,45.44977022636505,13.5,1.1451532029754825,1.492559230844449,2331.5657617360425,0.0,0,0.6,30,21,12,13,5,True,0.25
bkt_timebudget,0,112,s112_t13,Competent,66.0,54.5,56.86579879767813,43.082248497097645,11.5,1.402491001396939,1.6984294695816142,2331.565761736043,0.0,0,0.5,30,21,12,13,5,True,0.25
mars_timebudget,0,122,s122_t14,Competent,54.0,44.0,68.18166429910795,61.72708037388497,10.0,1.162271851164704,1.4264245446112278,2271.4135228814803,0.0,0,0.6774193548387096,31,21,13,17,1,True,0.25
dkt_timebudget,0,122,s122_t14,Competent,102.0,88.5,80.07081858531849,61.08852323164811,13.5,1.8109638312738905,2.087212551298721,2932.1402825945866,0.0,0,0.65,40,23,13,18,9,True,0.25
gkt_timebudget,0,122,s122_t14,Competent,72.0,51.0,81.39885417835133,62.74856772293916,21.0,1.043606275649361,1.4733265067990975,2932.1402825945856,0.0,0,0.425,40,23,13,18,9,True,0.25
bkt_timebudget,0,122,s122_t14,Competent,110.0,98.5,81.8952678299163,63.36908478739532,11.5,2.015592512773765,2.250915496498621,2932.1402825945866,0.0,0,0.75,40,23,13,18,9,True,0.25
mars_timebudget,0,125,s125_t12,Competent,104.0,90.5,117.20853212549424,107.01066515686774,13.5,1.514941962623067,1.7409277802519223,3584.2957248330176,0.0,0,0.74,50,26,22,25,3,True,0.25
dkt_timebudget,0,125,s125_t12,Competent,84.0,54.5,104.30254064003628,79.87817580004534,29.5,0.9221690165653282,1.4213247227795884,3545.987710777037,0.0,0,0.38,50,26,13,28,9,True,0.25
gkt_timebudget,0,125,s125_t12,Competent,92.0,64.5,105.58533946673076,81.48167433341345,27.5,1.0912862772867855,1.5565633722540198,3546.273860990721,0.0,0,0.46,50,27,13,28,9,True,0.25
bkt_timebudget,0,125,s125_t12,Competent,122.0,106.0,105.65233977610124,85.5654247201265,16.0,1.78253746734658,2.0515997265687056,3567.9474437456074,0.0,0,0.64,50,28,20,23,7,True,0.25
mars_timebudget,0,133,s133_t10,Competent,80.0,66.0,91.29685742138386,80.12107177672983,14.0,1.3542033518476364,1.6414586083001652,2924.2284732179173,0.0,0,0.6923076923076923,39,22,15,23,1,True,0.25
dkt_timebudget,0,133,s133_t10,Competent,72.0,54.0,73.30647757966467,55.633096974580845,18.0,1.0682755125544316,1.4243673500725755,3032.925459699623,0.0,0,0.5,40,23,15,23,2,True,0.25
gkt_timebudget,0,133,s133_t10,Competent,74.0,56.5,75.11013427693793,57.88766784617241,17.5,1.1177327122097294,1.4639331097968136,3032.9254596996234,0.0,0,0.5,40,23,15,23,2,True,0.25
bkt_timebudget,0,133,s133_t10,Competent,74.0,57.5,73.09380854769032,56.36726068461291,16.5,1.165777308075398,1.500304709523121,2959.398828662796,0.0,0,0.5384615384615384,39,22,15,22,2,True,0.25
mars_timebudget,0,136,s136_t10,Average Learner,74.0,67.0,76.87168957238526,70.58961196548158,7.0,1.5753122303345046,1.7398970902201991,2551.875064885636,0.0,0,0.8181818181818182,33,20,16,16,1,True,0.25
dkt_timebudget,0,136,s136_t10,Average Learner,102.0,88.0,80.85029301040888,61.5628662630111,14.0,1.7128452307957038,1.9853433356950203,3082.5902452069013,0.0,0,0.675,40,21,16,16,8,True,0.25
gkt_timebudget,0,136,s136_t10,Average Learner,94.0,78.0,82.10147890442133,63.126848630526666,16.0,1.518203727296192,1.829630132895411,3082.5902452069013,0.0,0,0.525,40,21,16,16,8,True,0.25
bkt_timebudget,0,136,s136_t10,Average Learner,98.0,83.0,83.95127790831353,65.43909738539192,15.0,1.615524479045948,1.907486734295216,3082.5902452069013,0.0,0,0.6,40,21,16,16,8,True,0.25
mars_timebudget,0,136,s136_t17,Average Learner,66.0,57.5,69.07357424329193,61.34196780411492,8.5,1.549786925483684,1.7788858622943156,2226.112469572722,0.0,0,0.7666666666666667,30,21,13,16,1,True,0.25
dkt_timebudget,0,136,s136_t17,Average Learner,52.0,40.0,51.04283161958059,38.80353952447574,12.0,1.0781126438147366,1.4015464369591577,2226.1124695727226,0.0,0,0.5333333333333333,30,21,13,16,1,True,0.25
gkt_timebudget,0,136,s136_t17,Average Learner,50.0,37.5,52.62155111630758,40.77693889538448,12.5,1.0107306035763153,1.3476408047684203,2226.112469572723,0.0,0,0.5,30,21,13,16,1,True,0.25
bkt_timebudget,0,136,s136_t17,Average Learner,48.0,35.0,51.67132492648682,39.58915615810854,13.0,0.9433485633378944,1.2937351725776836,2226.112469572723,0.0,0,0.4666666666666667,30,21,13,16,1,True,0.25
mars_timebudget,0,136,s136_t4,Average Learner,112.0,97.0,121.29579449246152,108.61974311557692,15.0,1.6324022259952191,1.8848355599120057,3565.2977601471644,0.0,0,0.7,50,18,19,30,1,True,0.25
dkt_timebudget,0,136,s136_t4,Average Learner,114.0,93.5,101.68211700060428,78.10264625075536,20.5,1.5849778393250156,1.932486349551356,3539.481663913418,0.0,0,0.56,50,20,16,29,5,True,0.25
gkt_timebudget,0,136,s136_t4,Average Learner,110.0,88.5,102.26378436424793,78.82973045530991,21.5,1.5002196660990788,1.8646798109706064,3539.4816639134183,0.0,0,0.56,50,20,16,29,5,True,0.25
bkt_timebudget,0,136,s136_t4,Average Learner,116.0,98.0,112.56439735437056,93.70549669296317,18.0,1.636576131917982,1.93717174798455,3592.8667694236424,0.0,0,0.64,50,19,17,29,4,True,0.25
mars_timebudget,0,138,s138_t20,Average Learner,104.0,94.0,106.31456585034005,96.89320731292509,10.0,1.5819622780005216,1.7502561373622791,3565.192469145677,0.0,0,0.7755102040816326,49,21,27,21,1,True,0.25
dkt_timebudget,0,138,s138_t20,Average Learner,110.0,85.5,105.64329169856175,80.05411462320222,24.5,1.4486306442351105,1.8637353317644696,3541.2753557403066,0.0,0,0.52,50,21,21,18,11,True,0.25
gkt_timebudget,0,138,s138_t20,Average Learner,58.0,20.5,107.3787130581008,82.22339132262601,37.5,0.3473324936470147,0.9826968112939928,3541.275355740307,0.0,0,0.36,50,21,21,18,11,True,0.25
bkt_timebudget,0,138,s138_t20,Average Learner,118.0,96.0,115.96373124019392,93.4546640502424,22.0,1.5800010172899444,1.9420845837522236,3645.5672730386527,45.56727303865273,1,0.58,50,21,21,19,10,True,0.25
mars_timebudget,0,153,s153_t2,Average Learner,106.0,101.5,90.56772373761456,82.20965467201825,4.5,2.192061908878237,2.289246919616681,2778.2062063732906,0.0,0,0.8918918918918919,37,23,14,22,1,True,0.25
dkt_timebudget,0,153,s153_t2,Average Learner,104.0,92.0,77.13642883512145,58.42053604390182,12.0,1.8329814299195497,2.072065964256882,3011.487137784192,0.0,0,0.65,40,23,14,22,4,True,0.25
gkt_timebudget,0,153,s153_t2,Average Learner,42.0,14.5,78.36593747350341,59.95742184187927,27.5,0.2888938123242768,0.8367958701806638,3011.4871377841923,0.0,0,0.3,40,23,14,22,4,True,0.25
bkt_timebudget,0,153,s153_t2,Average Learner,74.0,54.5,74.80092374522818,55.50115468153516,19.5,1.0858422601153854,1.474354628413551,3011.487137784192,0.0,0,0.525,40,23,14,22,4,True,0.25
mars_timebudget,0,153,s153_t8,Average Learner,138.0,130.5,129.24547540576197,119.5568442572024,7.5,2.158945676151209,2.2830230138610488,3626.770273330212,26.77027333021215,1,0.8541666666666666,48,23,14,31,3,True,0.25
dkt_timebudget,0,153,s153_t8,Average Learner,94.0,70.5,95.8300079362733,72.78750992034162,23.5,1.1676298443012836,1.5568397924017114,3622.723434695399,22.723434695398737,1,0.5,48,24,11,31,6,True,0.25
gkt_timebudget,0,153,s153_t8,Average Learner,106.0,85.5,97.58379825523922,74.97974781904901,20.5,1.416061726067514,1.7555852978146955,3622.7234346954,22.723434695399646,1,0.5625,48,24,11,31,6,True,0.25
bkt_timebudget,0,153,s153_t8,Average Learner,132.0,121.5,98.0591739921336,79.07396749016696,10.5,2.0031683518146,2.1762816661689484,3639.234811889996,39.234811889995854,1,0.7916666666666666,48,23,17,27,4,True,0.25
mars_timebudget,0,158,s158_t10,Average Learner,106.0,101.0,89.01899995426479,79.773749942831,5.0,2.120403421349617,2.2253738877530638,2857.9467185272065,0.0,0,0.8918918918918919,37,19,14,20,3,True,0.25
dkt_timebudget,0,158,s158_t10,Average Learner,38.0,9.5,76.38397317513441,57.47996646891802,28.5,0.1871846736153309,0.7487386944613236,3045.1211041528118,0.0,0,0.325,40,20,14,20,6,True,0.25
gkt_timebudget,0,158,s158_t10,Average Learner,80.0,62.0,78.45635049923872,60.07043812404841,18.0,1.221626290963212,1.5762919883396287,3045.1211041528118,0.0,0,0.55,40,20,14,20,6,True,0.25
bkt_timebudget,0,158,s158_t10,Average Learner,72.0,52.0,76.59394715805213,57.742433947565175,20.0,1.0245897924207588,1.418662789505666,3045.121104152811,0.0,0,0.5,40,20,14,20,6,True,0.25
mars_timebudget,0,166,s166_t19,Average Learner,90.0,72.5,102.25611774268204,87.82014717835258,17.5,1.255890532584294,1.5590365232080892,3463.677675034972,0.0,0,0.6739130434782609,46,23,18,26,2,True,0.25
dkt_timebudget,0,166,s166_t19,Average Learner,68.0,36.0,100.29155996435404,76.36444995544255,32.0,0.5986410486896324,1.130766425302639,3608.172217271154,8.17221727115384,1,0.3958333333333333,48,21,16,26,6,True,0.25
gkt_timebudget,0,166,s166_t19,Average Learner,82.0,53.5,101.40682396286248,77.75852995357812,28.5,0.8896471140248705,1.3635712775708295,3608.172217271154,8.17221727115384,1,0.4791666666666667,48,21,16,26,6,True,0.25
bkt_timebudget,0,166,s166_t19,Average Learner,102.0,78.5,102.3136159982066,78.8920199977583,23.5,1.304459775207917,1.6949668416714334,3610.690102919637,10.690102919636956,1,0.625,48,22,16,26,6,True,0.25
mars_timebudget,0,180,s180_t17,Average Learner,68.0,63.0,66.77682469655147,61.47103087068932,5.0,1.7075845173111135,1.843107098050091,2213.6532403984675,0.0,0,0.8214285714285714,28,20,9,19,0,True,0.25
dkt_timebudget,0,180,s180_t17,Average Learner,44.0,29.0,52.27203859936478,39.34004824920597,15.0,0.7358903677712825,1.1165233166184976,2364.4826406272496,0.0,0,0.4666666666666667,30,20,9,19,2,True,0.25
gkt_timebudget,0,180,s180_t17,Average Learner,62.0,51.5,54.04955430876496,41.56194288595619,10.5,1.3068397910421052,1.5732828552351557,2364.4826406272496,0.0,0,0.5,30,20,9,19,2,True,0.25
bkt_timebudget,0,180,s180_t17,Average Learner,52.0,39.0,54.02300815611998,41.52876019514997,13.0,0.9896456670027592,1.319527556003679,2364.4826406272496,0.0,0,0.4666666666666667,30,20,9,19,2,True,0.25
mars_timebudget,0,194,s194_t16,Average Learner,152.0,145.5,140.20033290508823,130.75041613136017,6.5,2.4883905272395843,2.599555739796679,3508.2917670822126,0.0,0,0.9,50,22,17,32,1,True,0.25
dkt_timebudget,0,194,s194_t16,Average Learner,114.0,89.5,109.55581437216864,83.94476796521081,24.5,1.530304249685565,1.949214351554798,3509.106114750309,0.0,0,0.56,50,23,12,31,7,True,0.25
gkt_timebudget,0,194,s194_t16,Average Learner,134.0,114.5,111.09613262282475,85.87016577853097,19.5,1.957273082095104,2.2906077991331344,3509.98542965002,0.0,0,0.64,50,23,12,31,7,True,0.25
bkt_timebudget,0,194,s194_t16,Average Learner,110.0,86.0,113.18605862617004,89.98257328271251,24.0,1.4644549720369822,1.873140080512419,3523.495155895919,0.0,0,0.56,50,23,14,30,6,True,0.25
mars_timebudget,0,206,s206_t11,Developing,120.0,114.5,111.4849890505292,103.85623631316147,5.5,1.9902784506590283,2.085881345668851,3451.778316609508,0.0,0,0.8913043478260869,46,25,19,27,0,True,0.25
dkt_timebudget,0,206,s206_t11,Developing,84.0,61.5,87.6023491876466,66.00293648455823,22.5,1.0083760426083082,1.3772941069772011,3659.3491357205294,59.349135720529375,1,0.5102040816326531,49,25,19,26,4,True,0.25
gkt_timebudget,0,206,s206_t11,Developing,100.0,81.5,90.86631974152156,70.08289967690195,18.5,1.336303210936213,1.639635841639525,3659.3491357205294,59.349135720530285,1,0.5918367346938775,49,25,19,26,4,True,0.25
bkt_timebudget,0,206,s206_t11,Developing,80.0,56.5,85.5506244867861,63.438280608482586,23.5,0.926394250526332,1.3117086733116206,3659.349135720529,59.34913572052892,1,0.5306122448979592,49,25,19,26,4,True,0.25
mars_timebudget,0,210,s210_t1,Developing,52.0,44.0,57.32077465828622,50.65096832285779,8.0,1.244384672947926,1.4706364316657308,2121.530469951776,0.0,0,0.7407407407407407,27,17,11,15,1,True,0.25
dkt_timebudget,0,210,s210_t1,Developing,60.0,48.0,54.56140837066889,41.20176046333612,12.0,1.2252069904845362,1.5315087381056702,2350.623219070141,0.0,0,0.5666666666666667,30,18,11,15,4,True,0.25
gkt_timebudget,0,210,s210_t1,Developing,60.0,48.0,56.85485360019923,44.06856700024903,12.0,1.2252069904845362,1.5315087381056702,2350.623219070141,0.0,0,0.5,30,18,11,15,4,True,0.25
bkt_timebudget,0,210,s210_t1,Developing,84.0,78.0,60.50598501039456,48.63248126299317,6.0,1.9909613595373712,2.144112233347938,2350.623219070141,0.0,0,0.8333333333333334,30,18,11,15,4,True,0.25
mars_timebudget,0,254,s254_t17,Struggling,64.0,56.0,71.76036617103968,65.70045771379962,8.0,1.5232048979514587,1.7408055976588102,2205.875259801768,0.0,0,0.7333333333333333,30,19,12,18,0,True,0.25
dkt_timebudget,0,254,s254_t17,Struggling,54.0,43.5,48.67676776858932,36.84595971073665,10.5,1.1832038046587223,1.4688047230246206,2205.8752598017686,0.0,0,0.5666666666666667,30,19,12,18,0,True,0.25
gkt_timebudget,0,254,s254_t17,Struggling,52.0,41.0,49.44711178752547,37.80888973440685,11.0,1.115203586000175,1.414404548097783,2205.8752598017686,0.0,0,0.5333333333333333,30,19,12,18,0,True,0.25
bkt_timebudget,0,254,s254_t17,Struggling,28.0,11.0,46.730047022788135,34.41255877848516,17.0,0.2992009620976079,0.7616024489757293,2205.8752598017686,0.0,0,0.3333333333333333,30,19,12,18,0,True,0.25
mars_timebudget,0,256,s256_t14,Struggling,82.0,73.5,79.42658845426241,70.28323556782803,8.5,1.60535548250816,1.7910088376281514,2747.0551214675183,0.0,0,0.7777777777777778,36,18,17,17,2,True,0.25
dkt_timebudget,0,256,s256_t14,Struggling,82.0,64.0,77.7991124111534,58.74889051394175,18.0,1.228737141537839,1.5743194625953565,3125.159865513634,0.0,0,0.575,40,20,17,17,6,True,0.25
gkt_timebudget,0,256,s256_t14,Struggling,86.0,69.0,78.83455434621581,60.04319293276976,17.0,1.3247322307204823,1.651115533941471,3125.1598655136345,0.0,0,0.625,40,20,17,17,6,True,0.25
bkt_timebudget,0,256,s256_t14,Struggling,92.0,76.5,79.6125303380527,61.015662922565845,15.5,1.4687248644944482,1.7663096409606436,3125.159865513634,0.0,0,0.625,40,20,17,17,6,True,0.25
mars_timebudget,0,256,s256_t15,Struggling,114.0,105.0,111.77482943430364,102.21853679287956,9.0,1.7505648531043194,1.9006132690846893,3598.83839140724,0.0,0,0.8333333333333334,48,24,23,25,0,True,0.25
dkt_timebudget,0,256,s256_t15,Struggling,88.0,69.5,82.64237462404446,62.80296828005558,18.5,1.138427864677627,1.4414626200234697,3662.946181645717,62.94618164571739,1,0.5306122448979592,49,25,22,25,2,True,0.25
gkt_timebudget,0,256,s256_t15,Struggling,64.0,39.5,82.67853354337888,62.8481669292236,24.5,0.6470201533059893,1.04833645092616,3662.946181645717,62.94618164571739,1,0.3673469387755102,49,25,22,25,2,True,0.25
bkt_timebudget,0,256,s256_t15,Struggling,56.0,30.0,75.21188081766576,54.01485102208221,26.0,0.4908600185360041,0.916272034600541,3667.033231528047,67.0332315280466,1,0.3877551020408163,49,25,23,24,2,True,0.25
mars_timebudget,0,256,s256_t3,Struggling,108.0,97.5,104.40118207776594,93.00147759720744,10.5,1.653525535218154,1.831597515933955,3537.895167266464,0.0,0,0.782608695652174,46,23,17,27,2,True,0.25
dkt_timebudget,0,256,s256_t3,Struggling,80.0,57.5,87.73558259216738,67.16947824020923,22.5,0.9576553744480912,1.3323900861886486,3602.5485702393494,2.548570239349374,1,0.4893617021276595,47,23,15,26,6,True,0.25
gkt_timebudget,0,256,s256_t3,Struggling,100.0,82.5,88.5642012378354,68.20525154729427,17.5,1.374027276382044,1.665487607735811,3602.5485702393494,2.548570239349374,1,0.6170212765957447,47,23,15,26,6,True,0.25
bkt_timebudget,0,256,s256_t3,Struggling,82.0,60.0,96.86304324665198,78.57880405831504,22.0,0.9992925646414866,1.3656998383433652,3602.548570239349,2.548570239348919,1,0.4893617021276595,47,23,15,26,6,True,0.25
mars_timebudget,0,298,s298_t11,Novice,116.0,109.5,106.87487677432006,98.09359596790006,6.5,1.8542806377457184,1.964352091127885,3543.152997589008,0.0,0,0.8666666666666667,45,24,23,20,2,True,0.25
dkt_timebudget,0,298,s298_t11,Novice,114.0,101.5,83.90090021484613,63.87612526855767,12.5,1.6910050089993187,1.8992568573982496,3601.4086106130826,1.408610613082601,1,0.6521739130434783,46,23,21,20,5,True,0.25
gkt_timebudget,0,298,s298_t11,Novice,86.0,66.0,87.13408312195062,67.41760390243829,20.0,1.0946851098104735,1.426407870359102,3617.478637930507,17.47863793050692,1,0.5217391304347826,46,23,20,21,5,True,0.25
bkt_timebudget,0,298,s298_t11,Novice,106.0,91.5,91.06016876622716,72.82521095778397,14.5,1.492267934937296,1.7287475530421137,3678.963992636273,78.96399263627245,1,0.6382978723404256,47,24,23,19,5,True,0.25
mars_timebudget,1,21,s21_t11,Advanced Learner,80.0,64.5,93.01786589116055,80.7723323639507,15.5,1.2202610155561986,1.5135020347983856,3171.452624204374,0.0,0,0.6666666666666666,45,22,17,27,1,True,0.25
dkt_timebudget,1,21,s21_t11,Advanced Learner,76.0,48.0,95.19423588684629,71.99279485855783,28.0,0.8106442940798887,1.283520132293157,3552.729626338648,0.0,0,0.44,50,22,17,27,6,True,0.25
gkt_timebudget,1,21,s21_t11,Advanced Learner,114.0,95.5,97.73859676292965,75.17324595366205,18.5,1.6128443767631118,1.9252801984397356,3552.7296263386484,0.0,0,0.6,50,22,17,27,6,True,0.25
bkt_timebudget,1,21,s21_t11,Advanced Learner,72.0,43.0,95.5336210898748,72.41702636234345,29.0,0.7262021801132338,1.2159664411198332,3552.7296263386474,0.0,0,0.44,50,22,17,27,6,True,0.25
mars_timebudget,1,21,s21_t19,Advanced Learner,104.0,92.0,111.64910253698667,101.5613781712333,12.0,1.6512053389700856,1.8665799484009664,3343.0124465579893,0.0,0,0.7916666666666666,48,23,21,27,0,True,0.25
dkt_timebudget,1,21,s21_t19,Advanced Learner,96.0,78.5,85.17594388444373,64.96992985555465,17.5,1.3546327934785882,1.6566209958464264,3476.9570194038324,0.0,0,0.64,50,24,21,27,2,True,0.25
gkt_timebudget,1,21,s21_t19,Advanced Learner,78.0,56.0,85.61254301984259,65.51567877480323,22.0,0.966362247577082,1.3460045591252214,3476.9570194038324,0.0,0,0.5,50,24,21,27,2,True,0.25
bkt_timebudget,1,21,s21_t19,Advanced Learner,72.0,51.5,81.68417972330587,63.60522465413231,20.5,0.974315997631868,1.362150520961058,3171.4556750688957,0.0,0,0.5217391304347826,46,23,19,25,2,True,0.25
mars_timebudget,1,27,s27_t20,High Achiever,148.0,145.5,126.91151449769008,119.13939312211264,2.5,2.5058595090485687,2.548915514358681,3483.834575911492,0.0,0,0.96,50,26,18,31,1,True,0.25
dkt_timebudget,1,27,s27_t20,High Achiever,104.0,80.0,102.79706585407256,78.49633231759071,24.0,1.379022889498681,1.792729756348285,3480.7254009721005,0.0,0,0.54,50,25,12,30,8,True,0.25
gkt_timebudget,1,27,s27_t20,High Achiever,102.0,77.5,103.4080827832222,79.26010347902775,24.5,1.3354153878651045,1.757578962093428,3482.0626168115678,0.0,0,0.48,50,24,12,30,8,True,0.25
bkt_timebudget,1,27,s27_t20,High Achiever,90.0,64.0,101.3448341166283,78.1810426457854,26.0,1.1054023273511075,1.554472022837495,3473.848303903838,0.0,0,0.44,50,26,14,28,8,True,0.25
mars_timebudget,1,35,s35_t4,High Achiever,112.0,101.0,112.04709831160744,101.0588728895093,11.0,1.8044867515299587,2.0010150115975778,3358.295645485868,0.0,0,0.78,50,27,21,28,1,True,0.25
dkt_timebudget,1,35,s35_t4,High Achiever,94.0,68.0,100.61771419637918,76.27214274547399,26.0,1.2336580122149488,1.7053507815912528,3307.2374674360835,0.0,0,0.48,50,24,13,30,7,True,0.25
gkt_timebudget,1,35,s35_t4,High Achiever,92.0,65.5,103.3343279063058,79.66790988288224,26.5,1.187999015293903,1.668639838275406,3308.083550075792,0.0,0,0.42,50,25,13,30,7,True,0.25
bkt_timebudget,1,35,s35_t4,High Achiever,122.0,104.5,109.95359133922835,89.44198917403541,17.5,1.8690649553210308,2.1820662636283803,3354.6185659037537,0.0,0,0.64,50,24,16,28,6,True,0.25
mars_timebudget,1,49,s49_t20,High Achiever,114.0,105.5,114.7230688781446,106.40383609768077,8.5,1.8475133125116132,1.9963650959841133,3426.2270031465387,0.0,0,0.82,50,23,29,21,0,True,0.25
dkt_timebudget,1,49,s49_t20,High Achiever,114.0,94.0,98.45373162944266,74.56716453680332,20.0,1.6647298766103058,2.018927722697605,3387.937033655016,0.0,0,0.6,50,23,19,24,7,True,0.25
gkt_timebudget,1,49,s49_t20,High Achiever,90.0,64.0,99.41104546506354,75.76380683132942,26.0,1.1350289642400415,1.5961344809625588,3383.173576166024,0.0,0,0.48,50,23,20,23,7,True,0.25
bkt_timebudget,1,49,s49_t20,High Achiever,94.0,75.0,92.84713811191736,73.5589226398967,19.0,1.3267844258471513,1.6629031470617628,3391.658744506857,0.0,0,0.56,50,25,26,19,5,True,0.25
mars_timebudget,1,49,s49_t4,High Achiever,140.0,132.0,133.7151166886832,124.14389586085396,8.0,2.276226907087971,2.4141800529720903,3479.442218760272,0.0,0,0.84,50,28,20,28,2,True,0.25
dkt_timebudget,1,49,s49_t4,High Achiever,72.0,43.0,95.73578768968582,72.66973461210728,29.0,0.7446012188698834,1.2467741339216651,3464.941950962407,0.0,0,0.4,50,28,18,28,4,True,0.25
gkt_timebudget,1,49,s49_t4,High Achiever,92.0,68.0,98.4715577363968,76.08944717049599,24.0,1.1778414194515645,1.5935501557285874,3463.963766785991,0.0,0,0.5,50,27,18,28,4,True,0.25
bkt_timebudget,1,49,s49_t4,High Achiever,116.0,99.5,101.988602514789,81.98575314348624,16.5,1.7210358907460437,2.0064338022767942,3468.8410811770427,0.0,0,0.68,50,27,20,26,4,True,0.25
mars_timebudget,1,53,s53_t19,Strong Performer,120.0,113.5,111.41327308434326,102.7665913554291,6.5,1.9440470533401464,2.0553801445005955,3503.001631724634,0.0,0,0.8723404255319149,47,25,24,23,0,True,0.25
dkt_timebudget,1,53,s53_t19,Strong Performer,74.0,53.0,81.17869462569556,61.97336828211944,21.0,0.8633159930290313,1.2053845940405343,3683.471667011113,83.47166701111246,1,0.4897959183673469,49,25,25,23,1,True,0.25
gkt_timebudget,1,53,s53_t19,Strong Performer,86.0,68.0,81.70434530576071,62.63043163220088,18.0,1.1076507080372475,1.4008523660471073,3683.471667011113,83.47166701111246,1,0.5102040816326531,49,25,25,23,1,True,0.25
bkt_timebudget,1,53,s53_t19,Strong Performer,84.0,69.0,79.87040974529363,63.838012181617,15.0,1.272082811369072,1.548622552971044,3254.505102183048,0.0,0,0.6136363636363636,44,24,22,21,1,True,0.25
mars_timebudget,1,53,s53_t9,Strong Performer,56.0,51.0,54.127875825736766,48.65984478217096,5.0,1.7762893849561026,1.9504354030890536,1722.6922740832692,0.0,0,0.782608695652174,23,16,9,14,0,True,0.25
dkt_timebudget,1,53,s53_t9,Strong Performer,52.0,33.0,65.09812137478113,49.37265171847642,19.0,0.8939328106300806,1.4086213985686118,2214.931565834813,0.0,0,0.4,30,19,9,15,6,True,0.25
gkt_timebudget,1,53,s53_t9,Strong Performer,58.0,40.5,66.70701655739069,51.38377069673837,17.5,1.0970993585005533,1.57115463686499,2214.931565834813,0.0,0,0.5,30,19,9,15,6,True,0.25
bkt_timebudget,1,53,s53_t9,Strong Performer,82.0,70.5,71.17711975138039,56.97139968922546,11.5,1.9097655499824449,2.221287590050504,2214.931565834813,0.0,0,0.5666666666666667,30,19,9,15,6,True,0.25
mars_timebudget,1,105,s105_t18,Competent,82.0,75.0,80.15297617692794,72.6912202211599,7.0,1.7571513347828236,1.9211521260292204,2560.963253945444,0.0,0,0.8055555555555556,36,20,18,15,3,True,0.25
dkt_timebudget,1,105,s105_t18,Competent,82.0,66.5,72.95439164241155,55.19298955301444,15.5,1.3919731041706054,1.716417963037438,2866.434694783421,0.0,0,0.525,40,20,18,15,7,True,0.25
gkt_timebudget,1,105,s105_t18,Competent,78.0,61.5,75.84962497552236,58.81203121940296,16.5,1.2873134722780786,1.6326902575234168,2866.434694783421,0.0,0,0.525,40,20,18,15,7,True,0.25
bkt_timebudget,1,105,s105_t18,Competent,68.0,49.0,74.68331327552657,57.35414159440824,19.0,1.025664392546762,1.4233709937383634,2866.434694783421,0.0,0,0.475,40,20,18,15,7,True,0.25
mars_timebudget,1,112,s112_t13,Competent,54.0,49.0,55.9109941379078,51.38874267238473,5.0,1.5169840868290303,1.6717783814034213,1938.0559265756808,0.0,0,0.8,25,18,12,13,0,True,0.25
dkt_timebudget,1,112,s112_t13,Competent,54.0,39.5,56.34728039446331,42.43410049307914,14.5,1.0164843037647542,1.3896241114758665,2331.5657617360425,0.0,0,0.5333333333333333,30,21,12,13,5,True,0.25
gkt_timebudget,1,112,s112_t13,Competent,34.0,14.5,58.693768393425714,45.36721049178215,19.5,0.3731398077111122,0.874948514632953,2331.5657617360425,0.0,0,0.3666666666666666,30,21,12,13,5,True,0.25
bkt_timebudget,1,112,s112_t13,Competent,50.0,34.5,57.23685682518551,43.5460710314819,15.5,0.8878154045540257,1.2866889921072835,2331.5657617360425,0.0,0,0.4666666666666667,30,21,12,13,5,True,0.25
mars_timebudget,1,122,s122_t14,Competent,92.0,85.5,83.13536398031819,74.41920497539769,6.5,2.009645885801951,2.1624259823833856,2552.688528980751,0.0,0,0.8285714285714286,35,22,13,18,4,True,0.25
dkt_timebudget,1,122,s122_t14,Competent,84.0,66.0,79.67264584915058,60.59080731143823,18.0,1.3505492978991724,1.718880924598947,2932.1402825945866,0.0,0,0.525,40,23,13,18,9,True,0.25
gkt_timebudget,1,122,s122_t14,Competent,62.0,38.5,80.47222350255863,61.59027937819829,23.5,0.7878204237745173,1.2686978252992227,2932.1402825945866,0.0,0,0.4,40,23,13,18,9,True,0.25
bkt_timebudget,1,122,s122_t14,Competent,94.0,78.5,84.20846705962745,66.26058382453428,15.5,1.606335149774016,1.9235096060988215,2932.140282594586,0.0,0,0.55,40,23,13,18,9,True,0.25
mars_timebudget,1,125,s125_t12,Competent,126.0,117.5,121.49334466082756,111.86668082603435,8.5,1.9769011173113675,2.1199109853721896,3566.187473042743,0.0,0,0.84,50,25,21,26,3,True,0.25
dkt_timebudget,1,125,s125_t12,Competent,114.0,92.0,103.91367361942928,79.3920920242866,22.0,1.5566889820919303,1.92894069520087,3545.987710777037,0.0,0,0.52,50,26,13,28,9,True,0.25
gkt_timebudget,1,125,s125_t12,Competent,100.0,74.5,107.09450928370158,83.36813660462698,25.5,1.260579664846183,1.6920532414042722,3545.9877107770367,0.0,0,0.5,50,26,13,28,9,True,0.25
bkt_timebudget,1,125,s125_t12,Competent,52.0,17.5,93.05782231431655,68.8222778928957,34.5,0.2971295338256613,0.8828991862248221,3533.812295535994,0.0,0,0.34,50,28,19,23,8,True,0.25
mars_timebudget,1,133,s133_t10,Competent,90.0,78.5,95.749427065431,85.68678383178877,11.5,1.6106812593945374,1.8466409343376864,2924.228473217917,0.0,0,0.717948717948718,39,22,15,23,1,True,0.25
dkt_timebudget,1,133,s133_t10,Competent,72.0,54.0,73.04383245427557,55.30479056784447,18.0,1.0682755125544316,1.4243673500725755,3032.925459699623,0.0,0,0.475,40,23,15,23,2,True,0.25
gkt_timebudget,1,133,s133_t10,Competent,78.0,61.5,74.33917323071906,56.92396653839882,16.5,1.2166471115203248,1.54306462924529,3032.9254596996234,0.0,0,0.475,40,23,15,23,2,True,0.25
bkt_timebudget,1,133,s133_t10,Competent,76.0,60.0,73.4698811722765,56.83735146534563,16.0,1.216463277991719,1.5408534854561775,2959.398828662797,0.0,0,0.5384615384615384,39,22,15,22,2,True,0.25
mars_timebudget,1,136,s136_t10,Average Learner,66.0,58.5,71.49951602272704,65.37439502840878,7.5,1.4298964184181044,1.613216472061451,2454.723261621367,0.0,0,0.78125,32,19,16,15,1,True,0.25
dkt_timebudget,1,136,s136_t10,Average Learner,100.0,85.5,80.82806274288416,61.5350784286052,14.5,1.6641848549208258,1.946415034995118,3082.5902452069013,0.0,0,0.675,40,21,16,16,8,True,0.25
gkt_timebudget,1,136,s136_t10,Average Learner,84.0,65.5,82.41346856945276,63.51683571181596,18.5,1.2749018479218022,1.6349886293958988,3082.5902452069017,0.0,0,0.575,40,21,16,16,8,True,0.25
bkt_timebudget,1,136,s136_t10,Average Learner,66.0,43.0,76.96685529381338,56.70856911726678,23.0,0.8369584650479008,1.284633923096778,3082.590245206901,0.0,0,0.4,40,21,16,16,8,True,0.25
mars_timebudget,1,136,s136_t17,Average Learner,80.0,75.0,71.1888700582691,63.98608757283637,5.0,2.021461207152631,2.156225287629473,2226.1124695727226,0.0,0,0.8666666666666667,30,21,13,16,1,True,0.25
dkt_timebudget,1,136,s136_t17,Average Learner,48.0,35.0,51.38510032494863,39.23137540618579,13.0,0.9433485633378944,1.2937351725776836,2226.112469572723,0.0,0,0.5,30,21,13,16,1,True,0.25
gkt_timebudget,1,136,s136_t17,Average Learner,42.0,27.5,51.92568471034368,39.9071058879296,14.5,0.7412024426226312,1.1320182760054731,2226.112469572723,0.0,0,0.3666666666666666,30,21,13,16,1,True,0.25
bkt_timebudget,1,136,s136_t17,Average Learner,34.0,17.5,49.72091827394658,37.15114784243323,16.5,0.4716742816689471,0.9163957472425258,2226.112469572723,0.0,0,0.3666666666666666,30,21,13,16,1,True,0.25
mars_timebudget,1,136,s136_t4,Average Learner,120.0,107.0,122.56997715150854,110.21247143938564,13.0,1.8006911152730771,2.019466671334292,3565.2977601471634,0.0,0,0.74,50,18,19,30,1,True,0.25
dkt_timebudget,1,136,s136_t4,Average Learner,80.0,51.0,100.65076275208057,76.81345344010072,29.0,0.8645333669045538,1.3561307716149864,3539.4816639134183,0.0,0,0.44,50,20,16,29,5,True,0.25
gkt_timebudget,1,136,s136_t4,Average Learner,78.0,48.0,102.23693306782306,78.29616633477883,30.0,0.8088732384284008,1.3144190124461512,3560.5084495015467,0.0,0,0.44,50,20,15,30,5,True,0.25
bkt_timebudget,1,136,s136_t4,Average Learner,86.0,61.5,105.88173794547966,86.35217243184957,24.5,1.027270405542139,1.436508209375999,3592.043516577909,0.0,0,0.5,50,20,20,27,3,True,0.25
mars_timebudget,1,138,s138_t20,Average Learner,114.0,106.0,114.15478171948838,106.19347714936043,8.0,1.7952181078936906,1.930706266980007,3542.7450135639046,0.0,0,0.8367346938775511,49,20,26,22,1,True,0.25
dkt_timebudget,1,138,s138_t20,Average Learner,98.0,70.5,105.1838118897544,79.47976486219301,27.5,1.194534128587097,1.6604871574685884,3541.1294652613005,0.0,0,0.48,50,21,21,18,11,True,0.25
gkt_timebudget,1,138,s138_t20,Average Learner,120.0,98.0,108.55210302935706,83.69012878669633,22.0,1.6604871574685884,2.033249580573782,3541.1294652613005,0.0,0,0.58,50,21,21,18,11,True,0.25
bkt_timebudget,1,138,s138_t20,Average Learner,122.0,103.5,118.38742700090518,98.98428375113146,18.5,1.702648920748904,2.006987133636389,3647.258060263271,47.25806026327109,1,0.6938775510204082,49,20,19,22,8,True,0.25
mars_timebudget,1,153,s153_t2,Average Learner,84.0,75.5,81.47878458033833,72.34848072542286,8.5,1.6863678894623535,1.876223877017718,2686.246594415558,0.0,0,0.7777777777777778,36,23,14,22,0,True,0.25
dkt_timebudget,1,153,s153_t2,Average Learner,92.0,77.0,76.53476268264419,57.66845335330524,15.0,1.5341257619978836,1.8329814299195493,3011.4871377841923,0.0,0,0.65,40,23,14,22,4,True,0.25
gkt_timebudget,1,153,s153_t2,Average Learner,72.0,52.0,78.15760618659621,59.69700773324527,20.0,1.0360329821284409,1.4345072060239952,3011.4871377841923,0.0,0,0.45,40,23,14,22,4,True,0.25
bkt_timebudget,1,153,s153_t2,Average Learner,70.0,49.5,76.33296606432987,57.416207580412326,20.5,0.9862237041414968,1.3946597836344397,3011.4871377841923,0.0,0,0.525,40,23,14,22,4,True,0.25
mars_timebudget,1,153,s153_t8,Average Learner,138.0,130.5,128.22635542964449,118.2829442870556,7.5,2.1482058206706367,2.27166592530688,3644.9021432944414,44.90214329444234,1,0.8541666666666666,48,23,14,31,3,True,0.25
dkt_timebudget,1,153,s153_t8,Average Learner,110.0,90.5,95.85110172203608,72.8138771525451,19.5,1.4988723533229242,1.821833799619024,3622.723434695399,22.72343469539919,1,0.5625,48,24,11,31,6,True,0.25
gkt_timebudget,1,153,s153_t8,Average Learner,96.0,73.0,97.41348442009516,74.76685552511896,23.0,1.2090351579289884,1.5899640433038753,3622.7234346954,22.723434695399646,1,0.5,48,24,11,31,6,True,0.25
bkt_timebudget,1,153,s153_t8,Average Learner,96.0,75.0,94.67849833065569,73.34812291331951,21.0,1.2362420443413211,1.582389816756891,3640.063869852957,40.063869852956486,1,0.5,48,24,15,28,5,True,0.25
mars_timebudget,1,158,s158_t10,Average Learner,100.0,95.0,85.58517450736994,76.98146813421239,5.0,2.053066068858261,2.161122177745538,2776.335397316196,0.0,0,0.8611111111111112,36,18,14,20,2,True,0.25
dkt_timebudget,1,158,s158_t10,Average Learner,80.0,62.0,77.63947951182341,59.04934938977927,18.0,1.221626290963212,1.5762919883396287,3045.1211041528118,0.0,0,0.575,40,20,14,20,6,True,0.25
gkt_timebudget,1,158,s158_t10,Average Learner,84.0,67.0,78.59761201724028,60.247015021550354,17.0,1.320144540234439,1.65510658775661,3045.1211041528118,0.0,0,0.575,40,20,14,20,6,True,0.25
bkt_timebudget,1,158,s158_t10,Average Learner,78.0,59.5,80.39850087484548,62.498126093556834,18.5,1.172367166327599,1.536884688631138,3045.121104152811,0.0,0,0.5,40,20,14,20,6,True,0.25
mars_timebudget,1,166,s166_t19,Average Learner,90.0,72.5,103.86905428027278,89.83631785034096,17.5,1.255890532584294,1.5590365232080892,3463.677675034972,0.0,0,0.6739130434782609,46,23,18,26,2,True,0.25
dkt_timebudget,1,166,s166_t19,Average Learner,90.0,63.5,100.07475587719202,76.09344484649003,26.5,1.0559362942164348,1.4966026217240809,3608.1722172711543,8.17221727115475,1,0.4583333333333333,48,21,16,26,6,True,0.25
gkt_timebudget,1,166,s166_t19,Average Learner,82.0,53.5,101.4586603342843,77.82332541785539,28.5,0.8896471140248705,1.3635712775708295,3608.172217271154,8.17221727115384,1,0.4791666666666667,48,21,16,26,6,True,0.25
bkt_timebudget,1,166,s166_t19,Average Learner,92.0,66.0,99.63552302341624,75.54440377927034,26.0,1.09674325049328,1.5287936218997238,3610.6901029196383,10.69010291963832,1,0.4375,48,22,16,26,6,True,0.25
mars_timebudget,1,180,s180_t17,Average Learner,64.0,58.0,67.75325564001112,62.69156955001389,6.0,1.5720619365721369,1.7346890334589096,2213.653240398467,0.0,0,0.75,28,20,9,19,0,True,0.25
dkt_timebudget,1,180,s180_t17,Average Learner,54.0,41.5,52.8975848163295,40.12198102041187,12.5,1.053084491810628,1.370278615849974,2364.48264062725,0.0,0,0.5333333333333333,30,20,9,19,2,True,0.25
gkt_timebudget,1,180,s180_t17,Average Learner,50.0,36.5,54.14107420098068,41.67634275122585,13.5,0.92620684219489,1.2687764961573833,2364.48264062725,0.0,0,0.4666666666666667,30,20,9,19,2,True,0.25
bkt_timebudget,1,180,s180_t17,Average Learner,58.0,46.5,55.50734507495923,43.384181343699055,11.5,1.1799621414263668,1.471780735542565,2364.4826406272496,0.0,0,0.5666666666666667,30,20,9,19,2,True,0.25
mars_timebudget,1,194,s194_t16,Average Learner,120.0,110.5,128.84603864108465,121.5575483013558,9.5,1.8781354486458857,2.039604107126754,3530.0968334206964,0.0,0,0.78,50,20,21,28,1,True,0.25
dkt_timebudget,1,194,s194_t16,Average Learner,92.0,62.0,109.22920601235496,83.5365075154437,30.0,1.0594701684664514,1.5721170241760245,3511.18899872809,0.0,0,0.4,50,23,12,31,7,True,0.25
gkt_timebudget,1,194,s194_t16,Average Learner,108.0,82.0,111.04810594187842,85.81013242734804,26.0,1.401715220365053,1.846161509749094,3509.9854296500184,0.0,0,0.54,50,23,12,31,7,True,0.25
bkt_timebudget,1,194,s194_t16,Average Learner,102.0,79.5,110.16777542932648,89.70971928665806,22.5,1.3692479609014725,1.7567709687037758,3483.664125276165,0.0,0,0.6,50,19,19,26,5,True,0.25
mars_timebudget,1,206,s206_t11,Developing,110.0,102.0,104.83289636481864,95.54112045602328,8.0,1.7729991438185235,1.9120579001964475,3451.778316609506,0.0,0,0.8260869565217391,46,25,19,27,0,True,0.25
dkt_timebudget,1,206,s206_t11,Developing,106.0,89.0,89.43896457127163,68.29870571408952,17.0,1.4592758990591777,1.738013992137897,3659.3491357205294,59.349135720529375,1,0.5918367346938775,49,25,19,26,4,True,0.25
gkt_timebudget,1,206,s206_t11,Developing,96.0,76.5,91.0356421130044,70.2945526412555,19.5,1.2543214188542366,1.574050407973944,3659.3491357205294,59.349135720530285,1,0.5714285714285714,49,25,19,26,4,True,0.25
bkt_timebudget,1,206,s206_t11,Developing,132.0,121.5,99.69198926814728,81.11498658518407,10.5,1.992157547592024,2.164319310964174,3659.349135720529,59.34913572052847,1,0.7346938775510204,49,25,19,26,4,True,0.25
mars_timebudget,1,210,s210_t1,Developing,76.0,72.5,64.88354296031447,58.6044287003931,3.5,1.9706566417033544,2.0657917899235163,2207.3860600292296,0.0,0,0.8928571428571429,28,18,11,15,2,True,0.25
dkt_timebudget,1,210,s210_t1,Developing,58.0,45.5,54.38147684925318,40.97684606156648,12.5,1.1613941263968,1.4804584468354811,2350.623219070141,0.0,0,0.5333333333333333,30,18,11,15,4,True,0.25
gkt_timebudget,1,210,s210_t1,Developing,62.0,50.5,56.25201162689448,43.3150145336181,11.5,1.2890198545722724,1.5825590293758591,2350.623219070141,0.0,0,0.5,30,18,11,15,4,True,0.25
bkt_timebudget,1,210,s210_t1,Developing,78.0,70.5,60.00205895814703,48.00257369768378,7.5,1.7995227672741625,1.9909613595373712,2350.623219070141,0.0,0,0.7,30,18,11,15,4,True,0.25
mars_timebudget,1,254,s254_t17,Struggling,70.0,63.5,72.62859516120866,66.78574395151085,6.5,1.7272055539271003,1.9040061224393232,2205.8752598017686,0.0,0,0.7666666666666667,30,19,12,18,0,True,0.25
dkt_timebudget,1,254,s254_t17,Struggling,54.0,43.5,48.8685620448268,37.08570255603351,10.5,1.1832038046587223,1.4688047230246206,2205.8752598017686,0.0,0,0.5666666666666667,30,19,12,18,0,True,0.25
gkt_timebudget,1,254,s254_t17,Struggling,64.0,56.0,50.56473678561812,39.20592098202266,8.0,1.5232048979514583,1.7408055976588095,2205.8752598017686,0.0,0,0.6666666666666666,30,19,12,18,0,True,0.25
bkt_timebudget,1,254,s254_t17,Struggling,50.0,38.5,50.92493760777519,39.65617200971898,11.5,1.0472033673416277,1.360004373170945,2205.8752598017686,0.0,0,0.5666666666666667,30,19,12,18,0,True,0.25
mars_timebudget,1,256,s256_t14,Struggling,82.0,73.5,84.4087076796794,76.51088459959927,8.5,1.6053554825081595,1.791008837628151,2747.055121467519,0.0,0,0.7777777777777778,36,18,17,17,2,True,0.25
dkt_timebudget,1,256,s256_t14,Struggling,64.0,41.5,78.31916794360885,59.39895992951105,22.5,0.7967592402159425,1.228737141537839,3125.159865513634,0.0,0,0.5,40,20,17,17,6,True,0.25
gkt_timebudget,1,256,s256_t14,Struggling,80.0,61.5,78.73426422656783,59.91783028320978,18.5,1.180739596946517,1.5359214269222987,3125.159865513634,0.0,0,0.425,40,20,17,17,6,True,0.25
bkt_timebudget,1,256,s256_t14,Struggling,80.0,61.5,77.2272628871523,58.03407860894037,18.5,1.180739596946517,1.535921426922299,3125.1598655136336,0.0,0,0.5,40,20,17,17,6,True,0.25
mars_timebudget,1,256,s256_t15,Struggling,116.0,107.5,115.02700141462869,106.2837517682858,8.5,1.7922449686544224,1.933957361524772,3598.83839140724,0.0,0,0.8333333333333334,48,24,23,25,0,True,0.25
dkt_timebudget,1,256,s256_t15,Struggling,84.0,64.5,82.49386178377347,62.61732722971684,19.5,1.0565265794490204,1.3759415918405848,3662.946181645717,62.94618164571739,1,0.5510204081632653,49,25,22,25,2,True,0.25
gkt_timebudget,1,256,s256_t15,Struggling,106.0,92.0,83.8862803471394,64.35785043392426,14.0,1.506983648206355,1.7363072468464524,3662.946181645717,62.94618164571693,1,0.6122448979591837,49,25,22,25,2,True,0.25
bkt_timebudget,1,256,s256_t15,Struggling,82.0,62.0,81.66523061431336,61.58153826789169,20.0,1.0155759368347173,1.3431810777491422,3662.946181645718,62.94618164571784,1,0.5306122448979592,49,25,22,25,2,True,0.25
mars_timebudget,1,256,s256_t3,Struggling,104.0,92.5,101.88640112090036,89.85800140112542,11.5,1.5687293539249154,1.7637605708993644,3537.8951672664634,0.0,0,0.7391304347826086,46,23,17,27,2,True,0.25
dkt_timebudget,1,256,s256_t3,Struggling,94.0,75.0,88.23716402260256,67.7964550282532,19.0,1.2491157058018585,1.5655583512716622,3602.5485702393494,2.548570239349374,1,0.5531914893617021,47,23,15,26,6,True,0.25
gkt_timebudget,1,256,s256_t3,Struggling,84.0,62.5,88.80007958618593,68.50009948273242,21.5,1.0409297548348817,1.399009590498081,3602.5485702393494,2.548570239349374,1,0.5319148936170213,47,23,15,26,6,True,0.25
bkt_timebudget,1,256,s256_t3,Struggling,82.0,60.0,97.58052416972356,79.47565521215452,22.0,0.9992925646414866,1.3656998383433652,3602.548570239349,2.548570239348919,1,0.5319148936170213,47,23,15,26,6,True,0.25
mars_timebudget,1,298,s298_t11,Novice,86.0,74.0,96.89824013800668,87.62280017250836,12.0,1.243032365020041,1.4446051809692368,3571.910213237621,0.0,0,0.7333333333333333,45,23,23,21,1,True,0.25
dkt_timebudget,1,298,s298_t11,Novice,70.0,46.5,84.12864771478891,64.16080964348615,23.5,0.7746968760440229,1.166210351034013,3601.4086106130826,1.408610613082601,1,0.5,46,23,21,20,5,True,0.25
gkt_timebudget,1,298,s298_t11,Novice,84.0,63.5,87.44927880161524,67.81159850201905,20.5,1.053219764741895,1.3932355943042392,3617.4786379305074,17.478637930507375,1,0.5,46,22,20,21,5,True,0.25
bkt_timebudget,1,298,s298_t11,Novice,94.0,76.5,86.06262141638904,66.5782767704863,17.5,1.2745013122014572,1.5660538999599605,3601.408610613082,1.4086106130821463,1,0.5434782608695652,46,24,21,20,5,True,0.25
mars_timebudget,2,21,s21_t11,Advanced Learner,68.0,49.5,91.52293704654136,78.90367130817671,18.5,0.9364793840315012,1.286476729578628,3171.452624204373,0.0,0,0.6,45,22,17,27,1,True,0.25
dkt_timebudget,2,21,s21_t11,Advanced Learner,112.0,93.0,95.69264944962092,72.61581181202615,19.0,1.5706233197797843,1.8915033528530736,3552.729626338648,0.0,0,0.62,50,22,17,27,6,True,0.25
gkt_timebudget,2,21,s21_t11,Advanced Learner,108.0,88.0,97.23269483021328,74.54086853776658,20.0,1.4861812058131292,1.8239496616797493,3552.7296263386484,0.0,0,0.56,50,22,17,27,6,True,0.25
bkt_timebudget,2,21,s21_t11,Advanced Learner,106.0,85.5,97.8555830255258,75.31947878190722,20.5,1.443960148829802,1.790172816093088,3552.7296263386474,0.0,0,0.58,50,22,17,27,6,True,0.25
mars_timebudget,2,21,s21_t19,Advanced Learner,116.0,105.5,114.12456215731191,103.15570269663988,10.5,1.8532228975378569,2.037666882600866,3415.6711577489527,0.0,0,0.8163265306122449,49,23,21,27,1,True,0.25
dkt_timebudget,2,21,s21_t19,Advanced Learner,84.0,63.5,84.67827657182166,64.34784571477707,20.5,1.0957857628775842,1.4495433713656232,3476.9570194038324,0.0,0,0.46,50,24,21,27,2,True,0.25
gkt_timebudget,2,21,s21_t19,Advanced Learner,92.0,73.5,86.57399645764777,66.7174955720597,18.5,1.2683504499449203,1.587595121019492,3476.9570194038324,0.0,0,0.54,50,24,21,27,2,True,0.25
bkt_timebudget,2,21,s21_t19,Advanced Learner,98.0,82.0,86.36850577481883,67.46063221852351,16.0,1.435387493392176,1.715463101858942,3427.645860542384,0.0,0,0.6326530612244898,49,23,21,26,2,True,0.25
mars_timebudget,2,27,s27_t20,High Achiever,114.0,105.0,113.08438119896888,103.85547649871106,9.0,1.8169566223410445,1.9726957613988485,3467.336491436329,0.0,0,0.8,50,25,19,31,0,True,0.25
dkt_timebudget,2,27,s27_t20,High Achiever,102.0,77.5,103.3863815665245,79.23297695815563,24.5,1.3360274527341194,1.7583845184371636,3480.4674039324464,0.0,0,0.56,50,26,12,30,8,True,0.25
gkt_timebudget,2,27,s27_t20,High Achiever,130.0,112.5,103.3934485912323,79.24181073904037,17.5,1.938506208191281,2.240051618354369,3482.0626168115678,0.0,0,0.62,50,24,12,30,8,True,0.25
bkt_timebudget,2,27,s27_t20,High Achiever,108.0,86.0,108.88882018334886,87.11102522918605,22.0,1.476256610958725,1.853903650971422,3495.3272769081404,0.0,0,0.66,50,24,12,30,8,True,0.25
mars_timebudget,2,35,s35_t4,High Achiever,146.0,140.5,129.12900184153625,119.41125230192031,5.5,2.5211181606990416,2.619809618947047,3343.7544227052717,0.0,0,0.9,50,27,17,31,2,True,0.25
dkt_timebudget,2,35,s35_t4,High Achiever,106.0,83.0,100.89113685482263,76.6139210685283,23.0,1.5056270925320885,1.9228490579325463,3307.591916152947,0.0,0,0.58,50,24,13,30,7,True,0.25
gkt_timebudget,2,35,s35_t4,High Achiever,110.0,88.0,102.83374705904244,79.04218382380307,22.0,1.5960902800895187,1.9951128501118984,3308.083550075792,0.0,0,0.6,50,25,13,30,7,True,0.25
bkt_timebudget,2,35,s35_t4,High Achiever,106.0,85.5,105.23636850003264,84.54546062504083,20.5,1.5426645959327714,1.9125432417412136,3325.415008243025,0.0,0,0.64,50,26,17,28,5,True,0.25
mars_timebudget,2,49,s49_t20,High Achiever,120.0,112.5,116.57613824326928,108.22017280408662,7.5,1.9747722238097312,2.1064237053970465,3418.1157293056804,0.0,0,0.86,50,24,29,21,0,True,0.25
dkt_timebudget,2,49,s49_t20,High Achiever,86.0,59.0,98.05006745774696,74.06258432218368,27.0,1.0458146921665126,1.5244078563783063,3384.920891354592,0.0,0,0.48,50,23,19,24,7,True,0.25
gkt_timebudget,2,49,s49_t20,High Achiever,132.0,116.5,101.02051690537878,77.77564613172348,15.5,2.066107411468201,2.340997238745086,3383.173576166024,0.0,0,0.68,50,23,20,23,7,True,0.25
bkt_timebudget,2,49,s49_t20,High Achiever,66.0,37.0,97.48449235974232,76.35561544967793,29.0,0.6513156446661266,1.1618062850801176,3408.485606296165,0.0,0,0.44,50,25,24,19,7,True,0.25
mars_timebudget,2,49,s49_t4,High Achiever,96.0,81.5,112.59784882134709,102.24731102668387,14.5,1.398507287772469,1.6473214678056074,3496.5852825756474,0.0,0,0.72,50,24,25,25,0,True,0.25
dkt_timebudget,2,49,s49_t4,High Achiever,108.0,88.0,95.8702284693718,72.83778558671474,20.0,1.5233080068143876,1.869514371999476,3466.140778083207,0.0,0,0.54,50,27,18,28,4,True,0.25
gkt_timebudget,2,49,s49_t4,High Achiever,70.0,41.5,95.57068574428558,73.46335718035698,28.5,0.7260712339054264,1.22469846682843,3429.415577596526,0.0,0,0.4,50,28,19,27,4,True,0.25
bkt_timebudget,2,49,s49_t4,High Achiever,82.0,56.0,102.54265574651907,81.67831968314887,26.0,0.963203615299278,1.4104052938310856,3488.358999728226,0.0,0,0.48,50,29,19,28,3,True,0.25
mars_timebudget,2,53,s53_t19,Strong Performer,132.0,128.5,119.92258786548209,113.4032348318526,3.5,2.200969571402721,2.260918158950655,3503.001631724634,0.0,0,0.9148936170212766,47,25,24,23,0,True,0.25
dkt_timebudget,2,53,s53_t19,Strong Performer,62.0,38.0,80.18449165423712,60.7306145677964,24.0,0.6189812780208148,1.009916822033961,3683.471667011113,83.47166701111291,1,0.3673469387755102,49,25,25,23,1,True,0.25
gkt_timebudget,2,53,s53_t19,Strong Performer,62.0,38.0,82.30257268746695,63.37821585933368,24.0,0.6189812780208149,1.0099168220339612,3683.471667011113,83.47166701111246,1,0.4285714285714285,49,25,25,23,1,True,0.25
bkt_timebudget,2,53,s53_t19,Strong Performer,90.0,76.0,81.22916875054617,65.03646093818267,14.0,1.3967417750605908,1.6540363125717523,3264.740900158289,0.0,0,0.6136363636363636,44,24,21,22,1,True,0.25
mars_timebudget,2,53,s53_t9,Strong Performer,50.0,43.5,53.95534559676815,48.44418199596019,6.5,1.5150703577566755,1.741460181329512,1722.6922740832697,0.0,0,0.7391304347826086,23,16,9,14,0,True,0.25
dkt_timebudget,2,53,s53_t9,Strong Performer,88.0,78.0,65.48609212034464,49.8576151504308,10.0,2.1129320978529176,2.3838208283468814,2214.931565834813,0.0,0,0.6333333333333333,30,19,9,15,6,True,0.25
gkt_timebudget,2,53,s53_t9,Strong Performer,68.0,53.0,66.0472571551156,50.55907144389451,15.0,1.435710271618008,1.8420433673589536,2214.931565834813,0.0,0,0.5,30,19,9,15,6,True,0.25
bkt_timebudget,2,53,s53_t9,Strong Performer,70.0,55.5,69.61260542215592,55.01575677769486,14.5,1.5034324542414992,1.896221113457747,2214.931565834813,0.0,0,0.5333333333333333,30,19,9,15,6,True,0.25
mars_timebudget,2,105,s105_t18,Competent,86.0,80.0,78.27511992045598,70.34389990056998,6.0,1.874294757101678,2.014866863884304,2560.963253945444,0.0,0,0.8333333333333334,36,20,18,15,3,True,0.25
dkt_timebudget,2,105,s105_t18,Competent,62.0,41.5,73.13762216170629,55.42202770213287,20.5,0.8686749447079718,1.297779435467331,2866.434694783421,0.0,0,0.325,40,20,18,15,7,True,0.25
gkt_timebudget,2,105,s105_t18,Competent,68.0,49.0,75.29596553643545,58.11995692054431,19.0,1.025664392546762,1.4233709937383634,2866.434694783421,0.0,0,0.475,40,20,18,15,7,True,0.25
bkt_timebudget,2,105,s105_t18,Competent,64.0,44.0,72.02319589084499,54.02899486355625,20.0,0.9210047606542352,1.339643288224342,2866.434694783421,0.0,0,0.475,40,20,18,15,7,True,0.25
mars_timebudget,2,112,s112_t13,Competent,60.0,56.5,56.65297272981734,52.31621591227167,3.5,1.7491755286906168,1.8575315348926904,1938.0559265756808,0.0,0,0.84,25,18,12,13,0,True,0.25
dkt_timebudget,2,112,s112_t13,Competent,62.0,49.5,56.92041410150982,43.15051762688728,12.5,1.2738221021862108,1.595494350213032,2331.5657617360425,0.0,0,0.5666666666666667,30,21,12,13,5,True,0.25
gkt_timebudget,2,112,s112_t13,Competent,40.0,22.0,58.28546239080883,44.85682798851104,18.0,0.5661431565272048,1.029351193685827,2331.5657617360425,0.0,0,0.4,30,21,12,13,5,True,0.25
bkt_timebudget,2,112,s112_t13,Competent,62.0,49.5,58.81381820037347,45.51727275046685,12.5,1.2738221021862104,1.5954943502130312,2331.5657617360434,0.0,0,0.5,30,21,12,13,5,True,0.25
mars_timebudget,2,122,s122_t14,Competent,78.0,68.0,83.10647964388026,74.38309955485036,10.0,1.5983148565442418,1.8333611589772183,2552.6885289807506,0.0,0,0.7714285714285715,35,22,13,18,4,True,0.25
dkt_timebudget,2,122,s122_t14,Competent,72.0,51.0,79.52413998262303,60.40517497827878,21.0,1.0436062756493605,1.4733265067990973,2932.1402825945866,0.0,0,0.525,40,23,13,18,9,True,0.25
gkt_timebudget,2,122,s122_t14,Competent,92.0,76.0,81.12058417217152,62.4007302152144,16.0,1.5551779793990472,1.8825838697988464,2932.1402825945866,0.0,0,0.575,40,23,13,18,9,True,0.25
bkt_timebudget,2,122,s122_t14,Competent,68.0,46.0,78.07731189181386,58.59663986476731,22.0,0.9412919348994232,1.3914750341991475,2932.1402825945866,0.0,0,0.525,40,23,13,18,9,True,0.25
mars_timebudget,2,125,s125_t12,Competent,102.0,90.5,109.1291362993322,99.41142037416525,11.5,1.5282016193899115,1.7223929853897346,3553.1960777320496,0.0,0,0.7551020408163265,49,28,23,25,1,True,0.25
dkt_timebudget,2,125,s125_t12,Competent,102.0,77.0,104.7147335211436,80.3934169014295,25.0,1.3028809958812897,1.7258943062323573,3545.987710777037,0.0,0,0.48,50,26,13,28,9,True,0.25
gkt_timebudget,2,125,s125_t12,Competent,74.0,42.0,105.10569403568904,80.8821175446113,32.0,0.7106623613897942,1.2521193986391612,3545.987710777037,0.0,0,0.38,50,26,13,28,9,True,0.25
bkt_timebudget,2,125,s125_t12,Competent,118.0,100.5,108.2101296431685,88.26266205396063,17.5,1.700124024203854,1.996165520955769,3546.8000652621627,0.0,0,0.6,50,27,19,25,6,True,0.25
mars_timebudget,2,133,s133_t10,Competent,58.0,44.0,76.08534273319829,66.60667841649786,14.0,1.004771270981326,1.3244712208390208,2627.4636588898497,0.0,0,0.6,35,21,15,20,0,True,0.25
dkt_timebudget,2,133,s133_t10,Competent,72.0,54.0,72.5616583557839,54.702072944729885,18.0,1.0682755125544314,1.424367350072575,3032.9254596996234,0.0,0,0.55,40,23,15,23,2,True,0.25
gkt_timebudget,2,133,s133_t10,Competent,66.0,46.5,73.74358901698538,56.17948627123173,19.5,0.9199039135885384,1.3056700708998608,3032.9254596996234,0.0,0,0.475,40,23,15,23,2,True,0.25
bkt_timebudget,2,133,s133_t10,Competent,88.0,75.0,75.1174016078841,58.89675200985511,13.0,1.520579097489649,1.7841461410545214,2959.398828662797,0.0,0,0.6410256410256411,39,22,15,22,2,True,0.25
mars_timebudget,2,136,s136_t10,Average Learner,70.0,63.5,70.17999239504742,63.72499049380925,6.5,1.552109787513669,1.710987167337903,2454.723261621367,0.0,0,0.8125,32,19,16,15,1,True,0.25
dkt_timebudget,2,136,s136_t10,Average Learner,60.0,35.5,79.8781807123971,60.34772589049638,24.5,0.690977337423267,1.1678490209970709,3082.5902452069013,0.0,0,0.45,40,21,16,16,8,True,0.25
gkt_timebudget,2,136,s136_t10,Average Learner,94.0,78.0,82.09295293682337,63.116191171029215,16.0,1.518203727296192,1.829630132895411,3082.5902452069013,0.0,0,0.55,40,21,16,16,8,True,0.25
bkt_timebudget,2,136,s136_t10,Average Learner,92.0,75.5,82.26894755513196,63.33618444391499,16.5,1.469543351421314,1.7907018321955084,3082.5902452069017,0.0,0,0.575,40,21,16,16,8,True,0.25
mars_timebudget,2,136,s136_t17,Average Learner,70.0,62.5,69.72819950127392,62.160249376592425,7.5,1.6845510059605258,1.8866971266757888,2226.1124695727226,0.0,0,0.8,30,21,13,16,1,True,0.25
dkt_timebudget,2,136,s136_t17,Average Learner,56.0,45.0,51.32183440526327,39.152293006579086,11.0,1.2128767242915783,1.5093577013406307,2226.112469572723,0.0,0,0.5,30,21,13,16,1,True,0.25
gkt_timebudget,2,136,s136_t17,Average Learner,56.0,45.0,52.40285476048788,40.50356845060985,11.0,1.2128767242915783,1.5093577013406307,2226.112469572723,0.0,0,0.4666666666666667,30,21,13,16,1,True,0.25
bkt_timebudget,2,136,s136_t17,Average Learner,60.0,50.0,52.38607404010892,40.48259255013614,10.0,1.3476408047684207,1.617168965722105,2226.1124695727226,0.0,0,0.5666666666666667,30,21,13,16,1,True,0.25
mars_timebudget,2,136,s136_t4,Average Learner,98.0,81.5,110.90282084375409,97.6285260546926,16.5,1.360925184770997,1.6364499154301564,3593.143880883385,0.0,0,0.66,50,19,21,28,1,True,0.25
dkt_timebudget,2,136,s136_t4,Average Learner,102.0,78.5,101.08141352274478,77.35176690343098,23.5,1.3307033196472056,1.7290667338091077,3539.4816639134183,0.0,0,0.5,50,20,16,29,5,True,0.25
gkt_timebudget,2,136,s136_t4,Average Learner,88.0,61.0,100.9551385197884,77.1939231497355,27.0,1.0340497133564273,1.4917438487764851,3539.4816639134183,0.0,0,0.46,50,20,16,29,5,True,0.25
bkt_timebudget,2,136,s136_t4,Average Learner,84.0,58.0,103.04490474682018,81.80613093352522,26.0,0.9740501735627876,1.4106933548150715,3572.711236497386,0.0,0,0.52,50,22,20,26,4,True,0.25
mars_timebudget,2,138,s138_t20,Average Learner,122.0,115.0,116.9899795462671,108.73747443283386,7.0,1.9514026407410483,2.0701836710470256,3535.9181421317094,0.0,0,0.8571428571428571,49,20,25,23,1,True,0.25
dkt_timebudget,2,138,s138_t20,Average Learner,72.0,38.0,104.63769255744086,78.79711569680109,34.0,0.6438358418822713,1.2198994898821982,3541.2753557403066,0.0,0,0.36,50,21,21,18,11,True,0.25
gkt_timebudget,2,138,s138_t20,Average Learner,148.0,133.0,108.72217355834113,83.90271694792642,15.0,2.2535182851359417,2.507674482707664,3541.1294652613005,0.0,0,0.62,50,21,21,18,11,True,0.25
bkt_timebudget,2,138,s138_t20,Average Learner,126.0,107.0,118.24904347389156,97.31130434236442,19.0,1.753380157377916,2.064728035790817,3661.499175170751,61.49917517075073,1,0.7,50,20,20,20,10,True,0.25
mars_timebudget,2,153,s153_t2,Average Learner,74.0,63.0,81.6697084899717,72.58713561246462,11.0,1.4071679077632886,1.652863891658466,2686.246594415558,0.0,0,0.6944444444444444,36,23,14,22,0,True,0.25
dkt_timebudget,2,153,s153_t2,Average Learner,76.0,57.0,76.33832890006667,57.42291112508335,19.0,1.1356515381023298,1.5142020508031062,3011.487137784192,0.0,0,0.5,40,23,14,22,4,True,0.25
gkt_timebudget,2,153,s153_t2,Average Learner,80.0,62.0,78.74932986709243,60.43666233386554,18.0,1.2352700940762182,1.593896895582217,3011.487137784192,0.0,0,0.45,40,23,14,22,4,True,0.25
bkt_timebudget,2,153,s153_t2,Average Learner,74.0,54.5,74.90735011070589,55.63418763838235,19.5,1.0858422601153856,1.474354628413551,3011.4871377841914,0.0,0,0.575,40,23,14,22,4,True,0.25
mars_timebudget,2,153,s153_t8,Average Learner,140.0,133.0,129.6523201568115,120.06540019601437,7.0,2.189359188882718,2.304588619876545,3644.902143294442,44.902143294441885,1,0.875,48,23,14,31,3,True,0.25
dkt_timebudget,2,153,s153_t8,Average Learner,86.0,60.5,96.07813211849758,73.09766514812196,25.5,1.002008589790463,1.4243427887930546,3622.7234346954,22.7234346954001,1,0.4791666666666667,48,24,11,31,6,True,0.25
gkt_timebudget,2,153,s153_t8,Average Learner,122.0,105.5,97.73850926331112,75.17313657913888,16.5,1.7473042350891546,2.020579305032008,3622.7234346954,22.723434695399646,1,0.6458333333333334,48,24,11,31,6,True,0.25
bkt_timebudget,2,153,s153_t8,Average Learner,88.0,64.0,99.18286136678482,77.97857670848103,24.0,1.0588764820131586,1.4559551627680931,3626.485303270982,26.485303270982055,1,0.5,48,23,13,30,5,True,0.25
mars_timebudget,2,158,s158_t10,Average Learner,64.0,51.5,74.28301861239227,64.35377326549033,12.5,1.1511056003611548,1.4305001635556098,2684.375785358463,0.0,0,0.6857142857142857,35,18,14,20,1,True,0.25
dkt_timebudget,2,158,s158_t10,Average Learner,86.0,69.5,77.26675086602187,58.583438582527336,16.5,1.3694036648700525,1.694513887465101,3045.1211041528118,0.0,0,0.575,40,20,14,20,6,True,0.25
gkt_timebudget,2,158,s158_t10,Average Learner,56.0,32.0,78.63400226220107,60.292502827751335,24.0,0.6305167953358515,1.10340439183774,3045.1211041528118,0.0,0,0.375,40,20,14,20,6,True,0.25
bkt_timebudget,2,158,s158_t10,Average Learner,82.0,64.5,76.66084112499617,57.826051406245206,17.5,1.2708854155988256,1.6156992880481194,3045.1211041528118,0.0,0,0.5,40,20,14,20,6,True,0.25
mars_timebudget,2,166,s166_t19,Average Learner,94.0,77.5,103.90045677538556,89.87557096923194,16.5,1.3425036727625217,1.6283270353506711,3463.677675034971,0.0,0,0.6739130434782609,46,23,18,26,2,True,0.25
dkt_timebudget,2,166,s166_t19,Average Learner,128.0,111.0,101.22622600191356,77.53278250239194,17.0,1.8458099001263668,2.1285015064520265,3608.172217271154,8.17221727115384,1,0.5833333333333334,48,21,16,26,6,True,0.25
gkt_timebudget,2,166,s166_t19,Average Learner,76.0,46.0,101.19155195348978,77.48943994186223,30.0,0.764930228881197,1.2637977694558908,3608.172217271154,8.17221727115384,1,0.4166666666666667,48,21,16,26,6,True,0.25
bkt_timebudget,2,166,s166_t19,Average Learner,100.0,76.0,100.26203961634018,76.32754952042522,24.0,1.2631030180436946,1.661977655320651,3610.156839829715,10.156839829714954,1,0.5208333333333334,48,22,16,26,6,True,0.25
mars_timebudget,2,180,s180_t17,Average Learner,56.0,48.0,66.3494757063094,60.936844632886746,8.0,1.301016775094182,1.5178529042765458,2213.653240398467,0.0,0,0.6785714285714286,28,20,9,19,0,True,0.25
dkt_timebudget,2,180,s180_t17,Average Learner,42.0,26.5,52.13527663599732,39.16909579499664,15.5,0.6724515429634134,1.0657722567722023,2364.4826406272496,0.0,0,0.4333333333333333,30,20,9,19,2,True,0.25
gkt_timebudget,2,180,s180_t17,Average Learner,48.0,34.0,53.83834054123642,41.297925676545525,14.0,0.8627680173870207,1.218025436311088,2364.48264062725,0.0,0,0.5,30,20,9,19,2,True,0.25
bkt_timebudget,2,180,s180_t17,Average Learner,36.0,19.0,48.419883629821015,34.52485453727626,17.0,0.482135068539806,0.9135190772333168,2364.4826406272487,0.0,0,0.3666666666666666,30,20,9,19,2,True,0.25
mars_timebudget,2,194,s194_t16,Average Learner,112.0,101.5,116.79926954254717,107.49908692818398,10.5,1.716297563350772,1.8938455871456796,3548.335749023809,0.0,0,0.78,50,20,22,27,1,True,0.25
dkt_timebudget,2,194,s194_t16,Average Learner,108.0,82.0,108.66460262404549,82.83075328005685,26.0,1.4020664633990652,1.846624122525598,3509.106114750309,0.0,0,0.52,50,23,12,31,7,True,0.25
gkt_timebudget,2,194,s194_t16,Average Learner,108.0,82.0,110.6554424630271,85.31930307878389,26.0,1.402066463399065,1.8466241225255977,3509.1061147503096,0.0,0,0.5,50,23,12,31,7,True,0.25
bkt_timebudget,2,194,s194_t16,Average Learner,112.0,89.5,115.33001724641738,93.66252155802178,22.5,1.531349057782214,1.916325077895061,3506.711923522608,0.0,0,0.56,50,20,14,30,6,True,0.25
mars_timebudget,2,206,s206_t11,Developing,122.0,117.0,110.85018302645912,103.0627287830739,5.0,2.03373431202713,2.120646034763332,3451.7783166095064,0.0,0,0.8913043478260869,46,25,19,27,0,True,0.25
dkt_timebudget,2,206,s206_t11,Developing,96.0,76.5,88.86422851255962,67.58028564069951,19.5,1.2543214188542369,1.5740504079739444,3659.3491357205294,59.349135720529375,1,0.5918367346938775,49,25,19,26,4,True,0.25
gkt_timebudget,2,206,s206_t11,Developing,94.0,74.0,90.1210790531976,69.15134881649698,20.0,1.2133305228132485,1.5412576911411535,3659.3491357205294,59.349135720530285,1,0.5306122448979592,49,25,19,26,4,True,0.25
bkt_timebudget,2,206,s206_t11,Developing,96.0,76.5,99.29002025453246,80.61252531816555,19.5,1.254321418854237,1.5740504079739448,3659.349135720529,59.34913572052847,1,0.5510204081632653,49,25,19,26,4,True,0.25
mars_timebudget,2,210,s210_t1,Developing,56.0,49.0,59.52989042579234,53.412363032240414,7.0,1.3857920221465538,1.583762311024633,2121.530469951776,0.0,0,0.7777777777777778,27,17,11,15,1,True,0.25
dkt_timebudget,2,210,s210_t1,Developing,58.0,45.5,54.79393056028605,41.49241320035756,12.5,1.1613941263968,1.4804584468354811,2350.623219070141,0.0,0,0.5,30,18,11,15,4,True,0.25
gkt_timebudget,2,210,s210_t1,Developing,76.0,68.0,56.08181962364436,43.10227452955544,8.0,1.7357099031864265,1.939911068267182,2350.623219070141,0.0,0,0.6666666666666666,30,18,11,15,4,True,0.25
bkt_timebudget,2,210,s210_t1,Developing,56.0,43.0,58.42090497863518,46.02613122329395,13.0,1.0975812623090635,1.4294081555652922,2350.623219070141,0.0,0,0.5,30,18,11,15,4,True,0.25
mars_timebudget,2,254,s254_t17,Struggling,68.0,61.0,73.96983738472093,68.46229673090119,7.0,1.659205335268553,1.8496059475124853,2205.8752598017686,0.0,0,0.7666666666666667,30,19,12,18,0,True,0.25
dkt_timebudget,2,254,s254_t17,Struggling,62.0,53.5,49.12247526857024,37.40309408571281,8.5,1.4552046792929112,1.6864054227319718,2205.8752598017686,0.0,0,0.6333333333333333,30,19,12,18,0,True,0.25
gkt_timebudget,2,254,s254_t17,Struggling,42.0,28.5,49.7258561274684,38.15732015933551,13.5,0.7752024927074387,1.1424036734635938,2205.8752598017686,0.0,0,0.4666666666666667,30,19,12,18,0,True,0.25
bkt_timebudget,2,254,s254_t17,Struggling,58.0,48.5,53.92997539403108,43.41246924253886,9.5,1.3192042419758163,1.577605072878296,2205.875259801769,0.0,0,0.6,30,19,12,18,0,True,0.25
mars_timebudget,2,256,s256_t14,Struggling,64.0,51.0,77.87337623291656,68.3417202911457,13.0,1.1139201307199478,1.3978605561975814,2747.0551214675183,0.0,0,0.6666666666666666,36,18,17,17,2,True,0.25
dkt_timebudget,2,256,s256_t14,Struggling,62.0,39.0,77.84454909147033,58.8056863643379,23.0,0.7487616956246207,1.1903391058647816,3125.159865513634,0.0,0,0.45,40,20,17,17,6,True,0.25
gkt_timebudget,2,256,s256_t14,Struggling,88.0,71.5,79.30101302446135,60.62626628057669,16.5,1.3727297753118044,1.6895135696145285,3125.1598655136345,0.0,0,0.575,40,20,17,17,6,True,0.25
bkt_timebudget,2,256,s256_t14,Struggling,84.0,66.5,81.6561160660974,63.57014508262174,17.5,1.2767346861291609,1.6127174982684136,3125.159865513634,0.0,0,0.55,40,20,17,17,6,True,0.25
mars_timebudget,2,256,s256_t15,Struggling,126.0,120.0,114.7068208950585,105.88352611882316,6.0,2.0006455464049364,2.1006778237251837,3598.83839140724,0.0,0,0.875,48,24,23,25,0,True,0.25
dkt_timebudget,2,256,s256_t15,Struggling,84.0,64.5,82.18880032423215,62.23600040529018,19.5,1.0565265794490206,1.3759415918405848,3662.946181645717,62.94618164571693,1,0.5306122448979592,49,25,22,25,2,True,0.25
gkt_timebudget,2,256,s256_t15,Struggling,112.0,99.5,83.51442651870923,63.893033148386536,12.5,1.6298355760492642,1.83458878912078,3662.946181645717,62.94618164571693,1,0.6530612244897959,49,25,22,25,2,True,0.25
bkt_timebudget,2,256,s256_t15,Struggling,84.0,64.5,82.1510565992635,62.18882074907938,19.5,1.0565265794490202,1.3759415918405844,3662.9461816457183,62.9461816457183,1,0.5918367346938775,49,25,22,25,2,True,0.25
mars_timebudget,2,256,s256_t3,Struggling,102.0,90.0,102.1736777464993,90.21709718312412,12.0,1.526331263278296,1.7298420983820688,3537.895167266464,0.0,0,0.7391304347826086,46,23,17,27,2,True,0.25
dkt_timebudget,2,256,s256_t3,Struggling,92.0,72.5,87.64422571865511,67.0552821483189,19.5,1.2074785156084629,1.532248599116946,3602.5485702393494,2.548570239349374,1,0.4680851063829787,47,23,15,26,6,True,0.25
gkt_timebudget,2,256,s256_t3,Struggling,82.0,60.0,89.04624772278261,68.80780965347827,22.0,0.9992925646414864,1.365699838343365,3602.5485702393494,2.548570239349374,1,0.4680851063829787,47,23,15,26,6,True,0.25
bkt_timebudget,2,256,s256_t3,Struggling,112.0,98.0,92.59806610079268,73.7475826259909,14.0,1.6310819523544904,1.8640936598337037,3604.9690768217592,4.969076821759245,1,0.6808510638297872,47,22,16,25,6,True,0.25
mars_timebudget,2,298,s298_t11,Novice,106.0,98.0,102.09417605470392,93.11772006837988,8.0,1.6572672071154697,1.792554326063671,3548.009623767517,0.0,0,0.8444444444444444,45,24,23,21,1,True,0.25
dkt_timebudget,2,298,s298_t11,Novice,76.0,54.0,83.52817907922983,63.410223849037294,22.0,0.8996479850833814,1.2661712382654997,3601.4086106130826,1.408610613082601,1,0.4565217391304347,46,23,21,20,5,True,0.25
gkt_timebudget,2,298,s298_t11,Novice,112.0,98.5,87.23045095794916,67.53806369743646,13.5,1.6337345957019946,1.8576474590723189,3617.4786379305074,17.478637930507375,1,0.6521739130434783,46,23,20,21,5,True,0.25
bkt_timebudget,2,298,s298_t11,Novice,90.0,71.5,91.61430676623822,73.51788345779782,18.5,1.1882602251745846,1.495712171548428,3610.3202893707007,10.32028937070072,1,0.4782608695652174,46,23,20,21,5,True,0.25
